pt_min,sigma q_p
100,1e-06
1000,1e-06
10000,1.5e-06
100000,0.0000004
200000,0.0000004
300000,0.000000333
400000,0.0000005
500000,0.0000006
